{
  "dataset": "set5_dense",
  "final": {
    "data": 5.758642146247439e-06,
    "dt": 0.0672086849808693,
    "pinn": 0.02819819003343582,
    "pinn_ic": 7.504734821850434e-05,
    "total": 0.09548768401145935
  },
  "epochs": 1000,
  "checkpoint": "pinn_set5_dense_LBFGS_e1000.pth",
  "log_csv": "1_trainlog_set5_dense_e1000.csv"
}