{
  "dataset": "set5_wide",
  "final": {
    "data": 3.6837085644947365e-05,
    "dt": 0.18902263045310974,
    "pinn": 0.045152559876441956,
    "pinn_ic": 9.592446440365165e-05,
    "total": 0.23430794477462769
  },
  "epochs": 1000,
  "checkpoint": "pinn_set5_wide_LBFGS_e1000.pth",
  "log_csv": "1_trainlog_set5_wide_e1000.csv"
}