{
  "dataset": "set5_exploit",
  "final": {
    "data": 9.239615792466793e-06,
    "dt": 0.24534474313259125,
    "pinn": 0.053999606519937515,
    "pinn_ic": 8.605185576016083e-05,
    "total": 0.2994396388530731
  },
  "epochs": 1000,
  "checkpoint": "pinn_set5_exploit_LBFGS_e1000.pth",
  "log_csv": "1_trainlog_set5_exploit_e1000.csv"
}